"Business Name","Address","Phone","Rating","Review Count","Has Website","Website URL","Weaknesses","Cold Email","Contact Email","Email Sent","Call Script"
"La Terraza Little Havana","1440 SW 8th St, Miami, FL 33135, USA","(786) 518-2196","4.6","98","No","","no website listed","Calle Ocho is one of those strips where foot traffic does the work, but most people still Google a place before they walk in. Right now nothing comes up for La Terraza when you search online. I'm Nicholas, a marketing consultant here in Miami — I help local restaurants get a clean, working website up fast so they stop losing those searches. If that sounds useful, happy to talk for ten minutes whenever works. 

Nicholas","not found","",""
"Tumbao","1652 SW 8th St, Miami, FL 33135, USA","(786) 827-8040","4.7","402","No","","no website listed","Tumbao on Calle Ocho is the kind of spot people remember after one visit, but right now nothing comes up when someone searches for you online.

No website means you're basically invisible to anyone who didn't walk past the door.

I'm Nicholas, a marketing consultant here in Miami — I build simple, clean sites that get restaurants showing up in search fast.

If you're curious what that'd look like for Tumbao, I'm happy to walk you through it over a quick call.

Nicholas","not found","",""
"Mofongo Restaurant Calle 8","1672 SW 8th St, Miami, FL 33135, USA","(786) 359-4418","4.5","3676","No","","no website listed","Calle 8 gets so much foot traffic but most people are searching before they walk in, and right now Mofongo doesn't have a website coming up when they do. That's a lot of hungry customers checking Google and not finding a menu or hours. I'm Nicholas, a marketing consultant here in Miami, and I build simple, clean sites for local restaurants that start bringing in searches fast. If you'd ever want to talk about what that could look like, I'm around the neighborhood. Worth a quick conversation?

Nicholas","not found","",""
"El Rincon Asturiano","225 SW 17th Ave, Miami, FL 33135, USA","(305) 643-8822","4.6","1043","No","","no website listed","225 SW 17th Ave is right in the thick of Little Havana, and El Rincon Asturiano has been a staple over there for years. I noticed when you search for the restaurant online, there's no website coming up — just scattered directory listings. I'm a marketing consultant based here in Miami, and I could get a clean, simple site built that actually shows up when people search for you. If that sounds useful, happy to talk through it sometime. 

Nicholas","not found","",""
"Dominican Chimi","2595 NW 37th St, Miami, FL 33142, USA","(786) 970-9894","4.5","248","No","","no website listed","Dominican Chimi on 37th Street is right in the heart of Allapattah, and that area is blowing up with new foot traffic faster than most people realize.

When I searched for you guys online, nothing came up — no website, no menu, nothing for someone hungry and Googling nearby spots to find you.

I'm Nicholas, a marketing consultant here in Miami, and I build simple, clean websites for local restaurants that start bringing in online orders fast.

If you're curious what that would look like for Dominican Chimi, I'm around the neighborhood — happy to stop by and talk it through over a chimi.

Nicholas","not found","",""
"Taqueria Los Chilangos 1","1386 NW 29th St, Miami, FL 33142, USA","(786) 704-1544","5","44","No","","no website listed","Taqueria Los Chilangos on 29th Street in Allapattah — that stretch has been blowing up and your spot clearly has a following already. Right now though, searching for you online pulls up nothing besides a pin on the map. I'm Nicholas, a marketing consultant here in Miami, and I build simple, clean websites for local restaurants that actually show up when people search. Could be a quick win for you if you're interested. Happy to talk whenever works.

Nicholas","not found","",""
"La oficina","2148 NW 17th Ave, Miami, FL 33142, USA","(786) 280-6826","5","1","No","","no website listed; very few reviews (only 1)","That stretch of 17th Ave in Allapattah is changing fast, and La oficina is right in the middle of it. When I looked you up, though, there's no website and barely any presence on Google — which means most people driving by have no way to find you before they get there. I'm Nicholas, a marketing consultant here in Miami, and I can get you a clean site and a Google profile that actually brings people through the door. If that sounds useful, I'm around to talk whenever.

Nicholas","not found","",""
"Capital Chimi","2970 NW 17th Ave, Miami, FL 33142, USA","(786) 933-0009","4.5","29","No","","no website listed","Capital Chimi on 17th Ave is right in the heart of Allapattah, and that area is blowing up with new foot traffic every month. When I searched for you online, though, nothing came up — no website at all, which means people looking for chimis nearby are finding other spots first. I'm Nicholas, a marketing consultant here in Miami, and I build clean, simple websites that get local restaurants showing up on Google fast. If you're curious what that would look like for Capital Chimi, I'm around to talk whenever.

Nicholas","not found","",""
"GUEMBO'S AND GRILL","2055 NW 22nd Ave, Miami, FL 33142, USA","(786) 536-2929","3.9","107","No","","no website listed; low star rating (3.9 ★)","That stretch of NW 22nd Ave near Allapattah stays busy, and Guembo's has clearly built a real following off word of mouth alone. Right now though, someone searching for you online isn't finding a website — just a 3.9 on Google that doesn't tell the full story. I'm Nicholas, a marketing consultant here in Miami, and I help restaurants like yours get a site up and start turning those reviews around so the online reputation matches the actual food. If you're curious what that'd look like for Guembo's, I'm around to talk whenever.

Nicholas","not found","",""
"TAKEROLOKO Allapattah","2728 NW 32nd St, Miami, FL 33142, USA","(786) 299-8177","4.9","294","No","","no website listed","Allapattah's been changing fast but TAKEROLOKO still feels like it belongs on that stretch of 32nd — that's a good thing. Right now though, nothing comes up when someone searches for you online besides a few directory listings. I'm a marketing consultant based here in Miami, and I could get you a clean site up and running that actually brings people through the door. If that sounds useful, I'm around to talk whenever works for you.

Nicholas","not found","",""
"Papo Llega Y Pon","2928 NW 17th Ave, Miami, FL 33142, USA","(305) 458-9917","4.2","659","No","","no website listed","Papo Llega Y Pon is one of those spots on 17th Ave in Allapattah that people only find if they already know — which is a shame because the food speaks for itself. Right now nothing comes up when someone searches for you online, so you're basically invisible to anyone who isn't already in the neighborhood. I'm Nicholas, a marketing consultant here in Miami, and I can get you a clean website and Google listing that actually brings new people through the door. If that sounds useful, I'm around to talk whenever works for you.

Nicholas","not found","",""
"DELFINA’S CHIMI","2345 NW 36th St, Miami, FL 33142, USA","(786) 346-6041","4","51","No","","no website listed","DELFINA'S CHIMI on 36th Street is in one of the busiest corridors in Allapattah, especially with how much that neighborhood has blown up the last couple years. When I searched for you guys online though, nothing comes up — no website at all. I'm Nicholas, a marketing consultant here in Miami, and I build simple, clean sites for local restaurants that actually start showing up in Google searches. A lot of the foot traffic around there is already looking for exactly what you serve. If you ever want to talk about it, I'm around — happy to stop by.

Nicholas","not found","",""
"FLAVOR LANE 305","1590 NW 29th St, Miami, FL 33142, USA","(786) 622-4240","5","2","No","","no website listed; very few reviews (only 2)","NW 29th right off Allapattah — that stretch is getting more foot traffic than it did even a year ago, and Flavor Lane 305 is in a good spot to catch it. Right now though, you're basically invisible online — no website and only two Google reviews, so most people driving by wouldn't even know to stop. I'm Nicholas, a marketing consultant here in Miami, and I can get you a clean site and a review strategy that actually brings people through the door. If you're curious, I'm around and happy to talk whenever works for you.

Nicholas","not found","",""
"Don Toston","2234 NW 17th Ave, Miami, FL 33142, USA","(305) 633-1919","4.4","438","No","","no website listed","That stretch of 17th Ave in Allapattah is getting a lot more foot traffic lately, and Don Toston stands out on the block. Right now though, if someone searches for you online, there's no website coming up. I'm Nicholas, a marketing consultant here in Miami, and I can get you a clean site up and running that actually brings people through the door. If that sounds useful, I'm around to talk whenever works for you.

Nicholas","not found","",""
"Conch Town USA","3637 NW 17th Ave, Miami, FL 33142, USA","(305) 635-8274","4.4","312","No","","no website listed","Conch Town USA on 17th Ave is right in the heart of Allapattah, and that area is blowing up with new foot traffic lately.

Tried looking you guys up online and nothing comes up — no website, no menu, basically invisible to anyone searching for food nearby.

I'm Nicholas, a marketing consultant here in Miami, and I build simple sites that get local restaurants showing up on Google fast.

If you're curious what that would look like, I'm happy to walk by and talk it through sometime.

Nicholas","not found","",""
"De Los Machos Tacos","1185 NW 30th St, Miami, FL 33127, USA","(786) 255-8565","5","2","No","","no website listed; very few reviews (only 2)","That stretch of NW 30th near Wynwood always has foot traffic but I almost missed you guys because nothing comes up when you search De Los Machos Tacos online. Right now you're sitting at 2 Google reviews and no website, which means most people in the area probably don't even know you exist. I'm Nicholas, a marketing consultant here in Miami, and I can get you a clean site and a review strategy that actually brings in local search traffic. If you're curious, I'm around the neighborhood and happy to stop by for five minutes. 

Nicholas","not found","",""
"Nuevo Arroyito","2325 NW 27th Ave, Miami, FL 33142, USA","(786) 401-6205","4.5","31","No","","no website listed","Drove past 2325 NW 27th Ave the other day — Nuevo Arroyito stands out on that stretch of 27th, especially with how much that Allapattah corridor has been picking up. Searched for you guys after and couldn't find a website anywhere. I'm Nicholas, a marketing consultant here in Miami, and I can get a clean site built for you that actually shows up when people in the area search for food nearby. If that sounds useful, I'm around to talk whenever works for you.

Nicholas","not found","",""
"Cabana Jamaican Street Food","521 NW 7th St, Miami, FL 33136, USA","(305) 397-0027","4.9","7","No","","no website listed; very few reviews (only 7)","521 NW 7th St is right in the thick of Overtown, and a Jamaican spot in that corridor should be pulling way more foot traffic than seven Google reviews suggests. Right now if someone nearby searches for jerk chicken or oxtail, Cabana basically doesn't exist online — no website, barely any review presence. I'm a marketing consultant here in Miami, and I can get you a clean site and a review strategy that turns the regulars you already have into a full Google listing. If you're curious, I'd be down to stop by and talk it through over a plate.

Nicholas","not found","",""
"Two Guys Restaurant","1490 NW 3rd Ave #108, Miami, FL 33136, USA","(305) 374-1141","4.1","140","No","","no website listed","Two Guys on 3rd Ave in Overtown — that stretch is getting more foot traffic than it has in years, especially with all the development pushing north.

Right now when someone searches for you, there's no website pulling up, just scattered listings.

I'm Nicholas, a marketing consultant here in Miami, and I can get you a clean site up fast so that foot traffic turns into online orders and first-time visits.

If that sounds useful, I'm around to talk whenever works for you.

Nicholas","not found","",""
"Fiorito Almacen","5650 NE 2nd Ave Ste E, Miami, FL 33137, USA","(305) 456-4948","4.7","23","No","","no website listed","Fiorito Almacen on 2nd Ave is in a great stretch of the Upper Eastside — that block gets solid foot traffic from people who actually live in the neighborhood. When I searched for you online though, there's no website coming up at all, which means anyone looking you up before visiting hits a dead end. I'm Nicholas, a marketing consultant here in Miami, and I build clean, simple sites for local restaurants that start pulling in search traffic fast. If you ever want to talk through what that would look like, I'm around. 

Nicholas","not found","",""
"“Almacen” by Fiorito","5652 NE 2nd Ave, Miami, FL 33137, USA","(305) 456-4948","4.8","10","No","","no website listed; very few reviews (only 10)","NE 2nd Ave through Little Haiti has been changing fast, and Almacen caught my eye — Fiorito's name carries weight if you know the area. Right now though, searching for you online pulls up almost nothing: no website and barely any reviews to show for it. I'm Nicholas, a marketing consultant here in Miami, and I build out exactly that kind of foundation so the right people actually find you. If you're open to a 10-minute conversation, I'd be happy to walk you through what I'd do.

Nicholas","not found","",""
"Maharaja Indian Cuisine","6010 NE 2nd Ave, Miami, FL 33137, USA","(786) 716-3935","4.7","280","No","","no website listed","That stretch of NE 2nd Ave in Little Haiti has been changing fast, and Maharaja stands out as one of the few Indian spots holding it down in that corridor. When I searched for you online though, nothing came up — no website at all, which means people looking for Indian food nearby are probably driving right past. I'm Nicholas, a marketing consultant here in Miami, and I build simple, sharp websites for local restaurants that actually show up in search results. If you ever want to talk about getting one set up, I'm around.

Nicholas","not found","",""
"Fresh Delicious - Restaurant Argentino en Miami/Food Truck","350 NW 54th St, Miami, FL 33127, USA","(786) 940-6703","5","399","No","","no website listed","That stretch of 54th right by Wynwood always has foot traffic but most people are searching on their phones before they ever walk over. Right now nothing comes up for Fresh Delicious when you Google it, which means you're invisible to anyone who isn't already standing outside. I'm Nicholas, a marketing consultant here in Miami, and I build simple, clean websites that get restaurants showing up in local search fast. If you're curious what that would look like for you, I'm happy to walk you through it over a quick call.

Nicholas","not found","",""
"J & M Fusion Cuisine","350 NW 54th St, Miami, FL 33127, USA","(786) 334-9975","4.9","272","No","","no website listed","That stretch of 54th St in Little Haiti has been picking up a lot of foot traffic, and J & M Fusion Cuisine is right in the middle of it. When I searched for you online though, nothing came up — no website at all. I'm Nicholas, a marketing consultant here in Miami, and I build clean, simple sites that help restaurants like yours actually get found when people are searching nearby. Could be worth a five-minute conversation if you're open to it.

Nicholas","not found","",""
"Gayou's restaurant","5734nw 2nd av, 5734 NW 2nd Ave, Miami, FL 33127, USA","(786) 362-6710","3.9","104","No","","no website listed; low star rating (3.9 ★)","Gayou's is right there on 2nd Ave in Liberty City — solid spot in a neighborhood that's seeing more foot traffic every month. When I searched for you online, nothing came up besides a Google listing sitting at 3.9 stars with no website backing it up. I'm a marketing consultant here in Miami, and I can get you a clean site and a review strategy that pushes that rating up fast. If you're open to it, I'd love to buy a plate and walk you through what I'd do.

Nicholas","not found","",""
"Joey's Wynwood Cafe","2506 NW 2nd Ave, Miami, FL 33127, USA","(305) 438-0488","4.5","243","No","","no website listed","Joey's on 2nd Ave is in such a good spot with all the foot traffic Wynwood pulls in, especially on weekends. Noticed when I searched for the cafe nothing really comes up — no website, just a couple directory listings. I'm a marketing consultant based here in Miami, and I could get a clean site up for you pretty quickly so people actually find you before they wander in. If that sounds useful, happy to stop by and talk it over sometime.

Nicholas","not found","",""
"thedeck","2250 NW 2nd Ave, Miami, FL 33127, USA","(305) 900-7799","4.3","589","No","","no website listed","That stretch of NW 2nd Ave in Wynwood stays packed, and thedeck is in a prime spot to catch all that foot traffic. When I searched for you online though, nothing came up — no website at all, which means anyone Googling before heading out won't find you. I'm Nicholas, a marketing consultant here in Miami, and I build sites that actually turn searches into walk-ins. If you're open to it, I'd love to talk for a few minutes about getting that fixed.

Nicholas","not found","",""
"Afro fusion miami","728 NW 79th St, Miami, FL 33150, USA","(401) 516-0615","5","17","No","","no website listed; very few reviews (only 17)","728 NW 79th St is a solid stretch of Little River, and that area's pulling in more foot traffic than it used to. Right now when someone searches for Afro fusion food in Miami, you're basically invisible — no website and only 17 reviews makes it easy to get passed over. I'm Nicholas, a marketing consultant based here in Miami, and I can get you a clean site and a review system that actually brings people through the door. If any of that sounds useful, I'm around to talk whenever.

Nicholas","not found","",""
"TAKEROLOKO Liberty City","6825 NW 7th Ave, Miami, FL 33150, USA","(786) 575-5647","4.8","92","No","","no website listed","NW 7th Ave through Liberty City gets solid foot traffic, and TAKEROLOKO stands out on that stretch. Couldn't find a website for you though, which means anyone searching before they drive over has nothing to land on. I'm Nicholas, a marketing consultant here in Miami, and I build simple, clean sites that turn searches into actual customers walking through the door. If that sounds useful, happy to talk for a few minutes whenever works.

Nicholas","not found","",""
"Bust It Down Grill House inc","1498 NW 54th St Suite B, Miami, FL 33142, USA","(305) 720-3137","4.8","6","No","","no website listed; very few reviews (only 6)","That stretch of 54th Street in Liberty City stays busy, and a name like Bust It Down Grill House is the kind of spot people should be finding way before they drive past it. Right now there's no website pulling up and only 6 reviews on Google, so a lot of hungry people in the area probably don't even know you're there. I'm Nicholas, a marketing consultant here in Miami, and I help local restaurants get found online and turn foot traffic into repeat customers. If you're curious whether a few small moves could change things, I'm down to talk whenever works for you.

Nicholas","not found","",""
"Tippy's Restaurant","5495 NW 17th Ave, Miami, FL 33142, USA","(786) 558-4158","4.1","96","No","","no website listed","Tippy's is right there on 17th Ave in Brownsville — that stretch gets real foot traffic and word of mouth clearly keeps you busy. Thing is, when someone nearby searches for a spot to eat, nothing comes up for you online. I'm Nicholas, a marketing consultant here in Miami, and I can get you a clean site and Google listing up fast so those searches actually land on you. If that sounds useful, I'm around to talk whenever works. 

Nicholas","not found","",""
"U Save Fish and Chicken & smoke shop","6900 NW 7th Ave, Miami, FL 33150, USA","(305) 835-9873","4.4","327","No","","no website listed","That corner of 7th Ave in Liberty City stays busy, and U Save Fish and Chicken has clearly built a solid local following to hold that spot down. Right now though, nothing comes up when someone searches for you online — no website, no menu, no hours. I'm Nicholas, a marketing consultant here in Miami, and I could get you a clean site up and running so those searches actually land on your business. If that sounds useful, I'm around to talk whenever works for you.

Nicholas","not found","",""
"Miracle Fry Conchfritters","7070 NW 15th Ave, Miami, FL 33147, USA","(305) 835-0569","4.6","508","No","","no website listed","Been driving past 7070 NW 15th Ave for a while now — conch fritters from that stretch of Liberty City hit different, and Miracle Fry has a real following out here. Right now though, nothing comes up when you search the name online. I'm Nicholas, a marketing consultant based in Miami, and I can get you a clean site up and running that actually brings people through the door. If that sounds useful, I'm around to talk whenever works for you.

Nicholas","not found","",""
"Eloise & Earnestine Soul Food","6781 NW 27th Ave suite c, Miami, FL 33147, USA","(305) 687-7774","4.4","566","No","","no website listed","Been driving past 27th Ave near Brownsville my whole life, and Eloise & Earnestine is exactly the kind of spot that deserves way more attention than it gets. Right now if someone searches for you online, there's no website coming up to send them your way. I'm Nicholas, a marketing consultant here in Miami, and I could get a clean site live for you pretty quickly so people actually find you before they just drive by. If that sounds useful, I'm around whenever you want to talk. 

Nicholas","not found","",""
"MixZone Food","770 NW 54th St, Miami, FL 33127, USA","(561) 890-8628","5","18","No","","no website listed; very few reviews (only 18)","MixZone Food on 54th right in the middle of Little Haiti — that block's getting more foot traffic every year with all the development around there. Right now you're running with no website and only 18 Google reviews, which means a lot of people driving through are never finding you. I'm Nicholas, a marketing consultant here in Miami, and I help local restaurants get that review count up and show up when someone searches ""food near me"" in your area. If you're curious, I'd be down to walk through a few quick ideas over the phone sometime this week.

Nicholas","not found","",""
"Coast To Coast Seafood Grill","4350 NW 17th Ave, Miami, FL 33142, USA","(305) 631-2783","4.5","8","No","","no website listed; very few reviews (only 8)","That stretch of NW 17th Ave near Allapattah has been getting more traffic lately, and Coast To Coast deserves to catch more of it. Right now you're basically invisible online — no website coming up and only 8 Google reviews, so people driving by can't even look you up after. I'm a marketing consultant here in Miami and I can get you a clean site and a review strategy that actually brings locals through the door. If you're open to a 10-minute conversation, I'd be happy to walk through what that looks like.

Nicholas","not found","",""
"The Z SPOT FOODTRUCK","4905 NW 7th Ave, Miami, FL 33127, USA","(954) 918-6076","4.2","10","No","","no website listed; very few reviews (only 10)","NW 7th Ave right there in Liberty City gets serious foot traffic, and a food truck in that spot has a real advantage most sit-downs don't. Right now though, searching for The Z SPOT online pulls up almost nothing — no website and barely any reviews to show for it. I'm a marketing consultant here in Miami, and I could get you a clean site and a simple review system that actually gets customers posting. Most truck owners I've worked with see their Google reviews double within the first month. If that sounds useful, I'm around to talk whenever.

Nicholas","not found","",""
"La Cocina De Jomary","1237 NW 69th St, Miami, FL 33147, USA","(786) 865-5241","5","5","No","","no website listed; very few reviews (only 5)","La Cocina De Jomary on 69th — that part of Liberty City doesn't have a ton of restaurant options, so when somewhere good is there, people should be able to find it. Right now you're showing up with no website and only 5 Google reviews, which means most people driving through never even know you exist. I'm Nicholas, a marketing consultant here in Miami, and I can get you set up so locals actually see you when they search for food nearby. If that sounds useful, I'm around to talk whenever works for you.

Nicholas","not found","",""
"Winning And Won Turkey Legs","5090 NW 17th Ave, Miami, FL 33147, USA","(786) 438-6618","4.6","73","No","","no website listed","That stretch of NW 17th Ave up in Liberty City stays busy, and a spot called Winning And Won Turkey Legs is the kind of name people remember once they hear it. Right now though, searching for you online pulls up nothing — no website, no menu, no way for someone driving through to find you before they pass right by. I'm Nicholas, a marketing consultant here in Miami, and I build simple sites that get local restaurants showing up on Google fast. If you're curious what that would look like for your spot, I'm around to talk whenever.

Nicholas","not found","",""
"Smack'n'Shack","1100 NW 57th St, Miami, FL 33127, USA","(305) 494-3750","5","1","No","","no website listed; very few reviews (only 1)","That stretch of NW 57th near Little Haiti has been picking up a lot of foot traffic, and Smack'n'Shack is in a solid spot to catch it. Right now though, searching for you online pulls up almost nothing — no website and just one Google review, so most people driving by probably never find you again after. I'm Nicholas, a marketing consultant based here in Miami, and I can get you a clean site and a review strategy that starts filling that gap fast. If you're curious, I'm around the area — happy to stop by and talk it through over a few minutes.

Nicholas","not found","",""
